STATE,YEAR,TOT_INCOME,POVERTY_LEVEL,TOT_MEDICAL_EXPENDITURE,TOT_TAX,MIGRATION_REASON,PROPERTY_VAL
Alabama,2012,35202.89189189189,1.4061080835603996,1366.2521008403362,7575.396319018405,Other family reason,160391.56123076924
Alabama,2013,35030.2280945758,1.3798076923076923,1475.1346960167714,7902.374025974026,"Wanted to own home, not rent",158119.34128561962
Alabama,2014,35554.12949640288,1.3585578446909667,1707.5122807017544,8202.67248908297,Foreclosure/eviction,145065.91435185185
Alabama,2015,36912.85391140434,1.3806571605703657,1536.6338374956033,8593.873827791986,"Wanted to own home, not rent",164116.81299385426
Alabama,2016,38242.95576350489,1.3934909142532652,1602.7952987267386,9927.216914643695,"Wanted to own home, not rent",164919.5419909873
Alabama,2017,42015.35469745223,1.3980045080880403,2081.1657303370785,10467.607449856734,"Wanted to own home, not rent",183814.72686059691
Alabama,2018,44136.307692307695,1.4092747559274756,1575.2518662771827,11617.084363636364,To establish own household,176102.1446515397
Alabama,2019,42203.79750107712,1.402781802376123,2834.8609179415857,10318.457319163525,Other family reason,177685.88724727838
Alabama,2020,46793.91689373297,1.4486301369863013,2926.0590702551553,12896.417642752562,To establish own household,204318.2136510501
Alabama,2021,48294.11058315335,1.4276199587871652,2546.0505637171163,8025.137736966824,To establish own household,211011.83454894435
Alaska,2012,41383.146373918826,1.4664690841469084,1722.2466051059207,7671.631271878647,"Wanted to own home, not rent",251114.03554970375
Alaska,2013,42638.096108490565,1.474203187250996,1754.6375183194918,7732.021074815595,Foreclosure/eviction,235069.80812641085
Alaska,2014,48829.03474903475,1.4902058432934926,2364.1018518518517,12992.364912280702,"Wanted to own home, not rent",269009.20810313075
Alaska,2015,45524.25848241826,1.4602904820766378,2022.0978205778003,10882.651884700665,Other family reason,264970.8788839569
Alaska,2016,49225.564947172155,1.4933820415078356,2281.0143805309735,12532.429545454546,Other family reason,282536.08578431373
Alaska,2017,48813.30575777631,1.4602730528200538,1986.4864709268854,10310.516840882694,['Relationship with unmarried partner' 'To establish own household'],273485.3674121406
Alaska,2018,47973.31085876508,1.4314554549785612,1777.023492063492,9830.122524752474,Relationship with unmarried partner,280894.7602591793
Alaska,2019,49378.21744966443,1.4470935513169845,3068.221343873518,9512.076962809917,"Wanted to own home, not rent",343599.77665995975
Alaska,2020,50507.128965517244,1.4777817919075145,3266.2825958702065,11110.720441408303,Wanted new or better house/apartment,356640.9331532748
Alaska,2021,52002.81859070465,1.4520504330106978,2894.6187775677377,5911.408037094281,['Cheaper housing' 'New job or job transfer'],369824.17964071856
Arizona,2012,38621.658373786406,1.3651857525852165,1580.0466981132076,7539.248167539267,"Wanted to own home, not rent",187216.7458726415
Arizona,2013,37125.82668329177,1.359254622496148,1470.1135161135162,6833.10480349345,"Wanted to own home, not rent",202292.04483188046
Arizona,2014,40052.800829875516,1.3701675257731958,1565.9101123595506,8217.95,"Wanted to own home, not rent",196247.36842105264
Arizona,2015,38577.873991935485,1.3410022061140876,1917.6976358357529,7998.36403127715,Other family reason,202005.13340174448
Arizona,2016,41119.22712494194,1.385497319833234,1767.1228003060444,9508.904238618525,To establish own household,209967.7229458918
Arizona,2017,44641.87768347479,1.3963870431893688,1896.1802827965437,9427.52945797329,Relationship with unmarried partner,231173.23466092572
Arizona,2018,43721.5991902834,1.4354558969276512,2012.6963696369637,8463.759708737864,"Wanted to own home, not rent",250116.3511722732
Arizona,2019,47273.126260201636,1.4349793585265163,3046.0270793036752,11133.014573213046,"Wanted to own home, not rent",296284.0083487941
Arizona,2020,51145.24231557377,1.4837888531618435,3246.7060322854713,13311.776033690658,Wanted new or better house/apartment,300397.0139031926
Arizona,2021,53340.21875,1.4684962936816095,3202.536828422877,8587.673246387028,Other family reason,367769.4021164021
Arkansas,2012,30831.99845916795,1.3693798449612402,1580.2203692674211,4724.525065963061,"Wanted to own home, not rent",137593.40964840556
Arkansas,2013,32872.85953878407,1.3376651982378855,1516.861926841834,5725.725513905683,Foreclosure/eviction,133553.81968341363
Arkansas,2014,31383.468950749466,1.392610497237569,1595.7149917627678,4738.416666666667,To look for work or lost job,126389.35281837161
Arkansas,2015,34847.016563147,1.3661714770797964,1533.3680192848533,7271.008137432188,"Wanted to own home, not rent",145150.28932140977
Arkansas,2016,38743.35610859728,1.401439482961222,1706.5623287671233,9326.980997624703,To establish own household,160219.65206185568
Arkansas,2017,43003.68276173285,1.4092301943198804,1841.639470013947,12602.638087386646,Other family reason,161824.17443408788
Arkansas,2018,41169.67974452555,1.4219231955582974,1936.2170713760117,10842.495826377295,"Wanted to own home, not rent",170253.71180880975
Arkansas,2019,40927.08661778185,1.420862177470107,2860.903010033445,11554.345870206489,Foreclosure/eviction,182478.53330373002
Arkansas,2020,47600.519241192414,1.4411358615611194,3136.334637114298,14478.003021148037,Wanted new or better house/apartment,194588.57199406234
Arkansas,2021,45640.72655007949,1.424256168359942,3302.6750748182985,7164.352276867031,Wanted new or better house/apartment,184453.03911205073
California,2012,41855.2211414791,1.3840751342587903,1467.00096,10791.263867859601,Foreclosure/eviction,433328.7419564813
California,2013,42934.700293074195,1.3936388508891928,1525.652939384709,10493.733658408013,"Wanted to own home, not rent",453712.26084978617
California,2014,46524.880303456026,1.4167670496664195,1709.129654255319,13373.365063788027,"['To establish own household' 'Wanted to own home, not rent']",472837.3445705024
California,2015,44996.32661412549,1.401901533018868,1680.6249006784426,12059.098165137615,"Wanted to own home, not rent",491573.71203998185
California,2016,47613.80500293797,1.421599375479347,1666.0166395001359,14003.657268973373,"Wanted to own home, not rent",504154.5103946972
California,2017,49681.59832144356,1.4235607558778292,1831.166655357264,13802.33043725965,"Wanted to own home, not rent",561582.156626506
California,2018,50516.82862649795,1.443034164099692,1684.592658539926,14089.963248702483,Relationship with unmarried partner,554167.218546366
California,2019,53141.507716561566,1.449024920233249,2740.5484419648933,17675.151087487782,"Wanted to own home, not rent",615246.6210590138
California,2020,57094.120624365016,1.4738118022328548,3020.2246388190956,19841.466515805107,New job or job transfer,643067.6032261678
California,2021,56251.661154734415,1.4657349246231155,3009.431841915013,12518.291645537525,Wanted new or better house/apartment,681156.9960434095
Colorado,2012,43652.26157947351,1.4497733303847855,1822.3145860709592,10852.942408376963,Wanted better neighborhood/less crime,299302.0989839397
Colorado,2013,44430.5477602108,1.455820399113082,1970.6404066073699,10678.832376578644,Foreclosure/eviction,294898.36629064364
Colorado,2014,54762.225080385855,1.4831533879374534,1996.3349875930521,18628.6463878327,"Wanted to own home, not rent",312899.76326963905
Colorado,2015,48276.276923076926,1.4536193672099713,1857.3407250967969,13053.418392709196,Other family reason,322065.7362304194
Colorado,2016,48624.25629139073,1.4846698113207548,1870.6748743718592,12925.580752212389,"Wanted to own home, not rent",291778.3175257732
Colorado,2017,52400.255172413796,1.4984210526315789,2278.5046992481202,14035.5375782881,Relationship with unmarried partner,332562.67556094605
Colorado,2018,54801.385579937305,1.4972885032537961,2478.7074542897326,15118.902821316615,Relationship with unmarried partner,335223.8856775851
Colorado,2019,56608.059122695486,1.495807245080501,3459.4975514201765,17736.934450468212,"Wanted to own home, not rent",390187.5119586296
Colorado,2020,62024.16287878788,1.500722923238696,3446.1002290950746,22222.523864959254,Change in marital status,548161.9099378882
Colorado,2021,61659.46357615894,1.4926921263554926,4176.126680455016,16851.556447803494,"['Relationship with unmarried partner'
 'Wanted new or better house/apartment']",471860.9122562674
Connecticut,2012,51112.161470298655,1.4832397622192866,1934.4228362877998,16535.989330171902,Other family reason,391357.78374279646
Connecticut,2013,51956.208125208126,1.4832085253456222,2079.926351527814,17056.356399265158,"Wanted to own home, not rent",389882.44835164835
Connecticut,2014,51414.04229934924,1.4729779411764705,2156.3739635157544,17411.865346534654,Foreclosure/eviction,342231.75331294595
Connecticut,2015,51155.240997229914,1.515819162851537,2345.633010432191,17460.345360824744,"Wanted to own home, not rent",368547.21610738256
Connecticut,2016,54099.55751533742,1.4836309523809523,2562.194249201278,18149.531830238728,To establish own household,404434.9319455564
Connecticut,2017,53906.724270353305,1.4804881412024269,2428.048138639281,16433.260812581913,"Wanted to own home, not rent",339321.5448449288
Connecticut,2018,53752.152119700746,1.4733914612146723,2556.705512909979,16683.120178041543,"Wanted to own home, not rent",347645.4083405734
Connecticut,2019,59062.476537216826,1.4848224513172967,3739.674950948332,23348.661587301587,Other family reason,388516.74449339206
Connecticut,2020,64153.38869257951,1.5120541611624836,4064.4532428355956,28279.920146520148,Wanted new or better house/apartment,416293.0376647834
Connecticut,2021,63383.51351351351,1.4805610236220472,4337.046692607004,19941.068121693123,Change in marital status,421397.2744360902
Delaware,2012,37929.883864826275,1.4255671077504726,1381.8633231240428,8974.828058169376,To establish own household,267486.73578302714
Delaware,2013,37749.84449877751,1.4198360655737705,1387.7815349544073,8473.317699115045,"Wanted to own home, not rent",246106.66218034993
Delaware,2014,43133.753246753244,1.4652494908350306,1628.3077790304396,12571.532467532468,"Wanted to own home, not rent",283237.0456375839
Delaware,2015,43317.45391582312,1.4600443951165372,1552.7724137931034,11951.731203007519,To establish own household,249524.35196374622
Delaware,2016,44095.075075075074,1.4665343915343916,1650.3083832335328,11747.110546378653,Other job-related reason,247354.82886904763
Delaware,2017,44432.065959059895,1.4591986155484558,1825.0789968652039,11147.889733840304,To establish own household,245655.61023622047
Delaware,2018,48207.58899213724,1.4861967128916282,2023.2340801886792,13064.638717632552,To establish own household,262739.226618705
Delaware,2019,50809.30044182621,1.5114483493077742,4472.223416965352,18117.99758308157,Other job-related reason,236082.13826146474
Delaware,2020,54894.69958506224,1.5278642590286426,3334.8837525492863,21203.514705882353,New job or job transfer,253558.89955686854
Delaware,2021,48836.08474576271,1.48019578313253,3583.7870307167236,8336.800842358603,Wanted new or better house/apartment,295018.9558232932
District of Columbia,2012,58189.18064848173,1.3669877732493516,1793.197076850542,19220.83477576711,"Wanted to own home, not rent",493875.24395770393
District of Columbia,2013,61499.89722357526,1.3812056737588652,2006.143592142189,19496.0813362382,"Wanted to own home, not rent",547485.4440484676
District of Columbia,2014,63087.760611205435,1.3384448574969021,2124.481540930979,20689.67098445596,Foreclosure/eviction,736880.2114803626
District of Columbia,2015,63371.0315739868,1.3917319330722677,2127.208315098468,19591.898770788142,"Wanted to own home, not rent",629350.4443541836
District of Columbia,2016,65089.343128390596,1.402614324142569,2070.565087494665,21225.83574879227,"Wanted to own home, not rent",630784.9725315516
District of Columbia,2017,68166.98832684825,1.4117551813471503,2360.3760033798058,22506.830363036304,"Wanted to own home, not rent",625958.8934256055
District of Columbia,2018,76507.71390254806,1.4456243602865917,2180.7276767676767,25804.78947368421,"Wanted to own home, not rent",683556.6439499304
District of Columbia,2019,83059.91061728395,1.4426656738644825,3472.962868117798,34774.10208421948,"Wanted to own home, not rent",737172.56726094
District of Columbia,2020,86512.89160045402,1.4683275185346707,3986.857577293462,41450.963963963964,Wanted new or better house/apartment,767180.8094420601
District of Columbia,2021,89157.1127251598,1.425711743772242,3757.6631925397696,35362.33726201269,Wanted new or better house/apartment,815077.0052038161
Florida,2012,37825.70138760407,1.4085818547879703,1707.0086889061288,6747.553719008264,Other family reason,200619.99219642178
Florida,2013,37526.25334781035,1.4064715228550477,1747.5392966360857,6389.72655994773,"Wanted to own home, not rent",212755.7107657316
Florida,2014,41046.752715654955,1.4191273688849713,2060.3098360655736,9091.355633802817,['Other family reason' 'Relationship with unmarried partner'],209899.60932145306
Florida,2015,40025.643020594965,1.3873251955439678,1831.3399184697398,8781.251610824742,Other family reason,221838.2096135721
Florida,2016,41261.517021276595,1.3978584447144593,2099.654624054346,9230.528920308483,Relationship with unmarried partner,228892.24477958237
Florida,2017,42671.19283887468,1.4389101057579319,2068.6151824817516,8423.988045427375,Relationship with unmarried partner,240793.70952821462
Florida,2018,43800.543367793936,1.4342611830848204,2007.762943616531,9031.00313283208,Other family reason,259043.97562833206
Florida,2019,45942.481829462864,1.432034632034632,3051.7169254658384,9887.389793224813,To establish own household,283050.9244570349
Florida,2020,49463.13481598111,1.4625744258576694,2944.0681252223408,11797.747983870968,Wanted new or better house/apartment,285506.8719487795
Florida,2021,47219.06180084357,1.436730993394638,3015.180081632653,3912.0738325071748,Wanted new or better house/apartment,302776.40321969695
Georgia,2012,39547.478115727004,1.377646111366774,1638.1987722888045,9108.484242424242,"Wanted to own home, not rent",195683.6015597306
Georgia,2013,39380.090811198854,1.3776793772563176,1617.825102319236,8184.309826589595,Other family reason,171380.63652234638
Georgia,2014,41089.6281779661,1.400559971098266,1761.9187554019015,10982.62969588551,"Wanted to own home, not rent",183738.0751173709
Georgia,2015,41474.120298204,1.386437730928059,1673.2187827911857,9958.47487575925,Other family reason,183688.432
Georgia,2016,40408.298317757006,1.3689820359281437,1723.4042296072507,10118.964858199754,"Wanted to own home, not rent",185122.92884615384
Georgia,2017,44472.00150093809,1.4035018270401949,1812.1950557732891,11608.59383033419,"Wanted to own home, not rent",197036.5527119939
Georgia,2018,45778.18208197316,1.4250595238095238,1871.3794629684273,11612.824647455549,"Wanted to own home, not rent",218474.54237904694
Georgia,2019,47239.194559879106,1.415809453832966,2817.119881305638,14001.337457817774,"Wanted to own home, not rent",236850.76917431192
Georgia,2020,49781.71848381601,1.4484330484330485,3082.5456110154905,16559.72400388727,Wanted new or better house/apartment,240783.11900039666
Georgia,2021,50840.78951486698,1.4326473643209556,2670.8127068166777,9137.72039645279,New job or job transfer,260211.05741811174
Hawaii,2012,40061.20433925049,1.4614560287610618,1173.5628524046435,10507.540909090909,Foreclosure/eviction,471130.32212885155
Hawaii,2013,38889.33292433538,1.4391690340909091,1323.3880749574105,9543.116891891892,Foreclosure/eviction,441688.999522673
Hawaii,2014,40711.34458672875,1.4694237147595357,1506.1810176125246,10029.439453125,Foreclosure/eviction,460349.4827586207
Hawaii,2015,42558.81466395112,1.4854557444314185,1719.993155373032,10911.333333333334,Foreclosure/eviction,452122.94895038166
Hawaii,2016,44281.92149703332,1.4809144969463195,1505.8538372541457,12051.08543833581,To establish own household,467506.4013464526
Hawaii,2017,46050.81941407958,1.5017233087528055,1479.7409708737864,12140.71458478716,Other family reason,527991.0216244726
Hawaii,2018,49624.50873965042,1.4889320716458263,1439.6210873146622,13723.741150442478,Relationship with unmarried partner,535739.6165714286
Hawaii,2019,52790.33538607295,1.5010911312849162,2877.2324301439457,22515.93952399532,To establish own household,678083.3060785369
Hawaii,2020,51773.13274336283,1.5183519437551696,2634.390387444826,20130.39661319073,Other family reason,654839.2871419054
Hawaii,2021,50406.78346666667,1.4901723470178156,2583.5875628715135,11576.4394234515,Other housing reason,719221.6154822335
Idaho,2012,33210.97551020408,1.384904086738949,1954.8867091711622,6054.8933951332565,Foreclosure/eviction,190744.44225188624
Idaho,2013,35647.2359230221,1.4008620689655173,1716.8395324123273,6859.678787878788,Foreclosure/eviction,185215.01378446116
Idaho,2014,35726.6967032967,1.422431506849315,1876.6316590563165,7294.0224719101125,Other family reason,176075.4716981132
Idaho,2015,39823.70655926352,1.4420208799403431,1908.8336298932384,9838.949855351977,Foreclosure/eviction,192918.9500780031
Idaho,2016,40346.51319957761,1.4408212560386473,1922.9110663983904,10246.814247069431,To establish own household,205489.4936451449
Idaho,2017,40912.19502285424,1.466252072968491,2518.256788207913,9773.655693950179,"Wanted to own home, not rent",207430.02675585283
Idaho,2018,42609.64753218884,1.4637521968365554,2106.658466584666,9969.707451701932,"['Relationship with unmarried partner' 'Wanted to own home, not rent']",222602.36880823932
Idaho,2019,42846.73997944502,1.468665994623656,2947.2629558541266,10196.851293103447,To establish own household,297995.73290203325
Idaho,2020,50534.96269884805,1.5127773735903964,3444.3162675474814,13844.842285714285,"['To establish own household' 'Wanted to own home, not rent']",320971.66650555824
Idaho,2021,47217.325697211156,1.4894573252688172,3207.570251177394,6320.346270671616,Wanted new or better house/apartment,381391.0514806378
Illinois,2012,41444.16007622678,1.4249149396845036,1613.1119620714808,10200.742021276596,['Foreclosure/eviction' 'Other family reason'],229865.4814647378
Illinois,2013,44795.59313970956,1.4342722039473683,1749.2570057581574,11388.460500198491,"Wanted to own home, not rent",219742.00916546068
Illinois,2014,46367.18901453958,1.4299755965292842,1813.995052566481,13483.202127659575,Other family reason,213889.6799375488
Illinois,2015,44856.04543134252,1.4362028709789,1918.904506232023,11891.920260374289,"Wanted to own home, not rent",233344.82419473815
Illinois,2016,48269.94958433897,1.4651948171292042,1981.0866597724923,13478.03914893617,"Wanted to own home, not rent",238012.4378335112
Illinois,2017,49018.715500685874,1.4605263157894737,2140.722568176938,12638.28245614035,"Wanted to own home, not rent",244207.10073157007
Illinois,2018,52047.37075121394,1.4759264734870885,2257.6019265232976,14309.375700934579,"Wanted to own home, not rent",252204.74565996142
Illinois,2019,53803.275821596246,1.483661457276233,3537.2418285714284,19067.456701479547,"Wanted to own home, not rent",267459.68860759493
Illinois,2020,58148.34148862853,1.4930172620474707,3441.839193240665,21257.325941206807,Wanted new or better house/apartment,271326.9750168805
Illinois,2021,59445.73473282443,1.5096949038891372,3923.50418039017,18122.492245448415,Wanted new or better house/apartment,291029.76751300093
Indiana,2012,38698.74312896406,1.412293046357616,1827.1927710843374,8792.022648083625,"Wanted to own home, not rent",159347.40772727272
Indiana,2013,37344.12429087159,1.4194029850746268,1851.6360518292684,7689.211993243243,To establish own household,163080.8175313059
Indiana,2014,40575.82740213523,1.4203488372093023,1603.6497252747254,10082.285294117648,To establish own household,167575.43598055106
Indiana,2015,38432.96607669617,1.4147967479674797,1932.4518209408195,8876.67256637168,Other family reason,159922.7988029466
Indiana,2016,39492.33202933985,1.4268729641693811,2343.127506621264,9529.009441384736,"Wanted to own home, not rent",167224.57927369353
Indiana,2017,44617.79330193616,1.4591043994413408,2185.259797979798,11379.151304347826,Foreclosure/eviction,177191.83587059943
Indiana,2018,43306.058325024926,1.462457627118644,2193.733969465649,9773.852682145716,Other family reason,180125.6725254394
Indiana,2019,45113.39403292181,1.4690812720848057,3118.599663582843,11631.711954459202,Other family reason,180702.22222222222
Indiana,2020,48099.96534653466,1.4890151515151515,3579.5794599380256,15768.976499189626,Wanted new or better house/apartment,224030.16276703967
Indiana,2021,52916.28052995392,1.4666600712307083,3332.5750828991,11934.652899126291,Wanted new or better house/apartment,233796.65356773525
Iowa,2012,36307.344974776875,1.4694220430107527,1587.4468085106382,8484.464385474861,"Wanted to own home, not rent",150159.10885608857
Iowa,2013,37921.52180746562,1.4731539085745198,1603.2897139379183,8543.718290119132,"Wanted to own home, not rent",157171.34956076136
Iowa,2014,41942.7875862069,1.4449904122722914,2108.585961342828,11434.4793814433,Other family reason,165558.43832020997
Iowa,2015,41688.796739130434,1.4740744238760861,1870.7860738255033,11394.453453453454,"Wanted to own home, not rent",174087.8262179809
Iowa,2016,44855.02462686567,1.4804627249357327,1969.1723130841121,13962.62652232747,"Wanted to own home, not rent",166402.12768817204
Iowa,2017,46070.68827385288,1.481234256926952,1986.2413793103449,11586.070930232558,"Wanted to own home, not rent",172368.4366101695
Iowa,2018,45463.245,1.4955941591137967,2164.465776293823,11338.28331332533,Other family reason,182268.2763419483
Iowa,2019,47481.23024523161,1.488012104283054,3037.4231958762884,13162.810261374638,Wanted better neighborhood/less crime,194028.3416614616
Iowa,2020,48092.790188679246,1.4808753943217665,3504.6252285191954,12601.476373626374,Wanted new or better house/apartment,219963.2091038407
Iowa,2021,51107.61360123647,1.49227078891258,3690.049720323182,9890.920320855616,Wanted new or better house/apartment,207078.1567164179
Kansas,2012,36918.69952805454,1.4180570038234273,2041.8996763754046,7189.50042408821,"Wanted to own home, not rent",152422.20547237998
Kansas,2013,39462.06861702128,1.4205063069376314,1777.2112288967412,8347.377162629758,"Wanted to own home, not rent",160952.38224348752
Kansas,2014,38694.151612903224,1.4525,1940.294403892944,8477.950276243095,"Wanted to own home, not rent",165256.27627118645
Kansas,2015,41077.30288461538,1.4455077350257834,1983.8517999064984,8906.165369649805,To establish own household,205375.68545994067
Kansas,2016,43047.803499327056,1.4384370740572467,1842.6627249357327,10651.312292358803,"Wanted to own home, not rent",188347.9788557214
Kansas,2017,43145.262305699485,1.4673549107142858,1979.9802904564315,9828.001113585746,"Wanted to own home, not rent",175411.27482383087
Kansas,2018,47205.64020819779,1.433045595396193,1692.8885572139304,11686.05269058296,"Wanted to own home, not rent",200268.38784194528
Kansas,2019,48730.089331619536,1.5003859726510806,3396.8520534388917,15581.122428991184,"Wanted to own home, not rent",201498.53734939758
Kansas,2020,51542.512964260684,1.4940034619188922,3100.179005524862,16909.68552774755,Cheaper housing,199812.35612903227
Kansas,2021,51617.443454420834,1.5003630203291385,3117.498119290704,10832.663605606573,Wanted new or better house/apartment,206613.7124600639
Kentucky,2012,33161.76075550892,1.3947594501718212,1537.2509788566954,7162.237403100775,Other family reason,157099.1345313259
Kentucky,2013,32601.542763157893,1.372472856608012,1492.2115967113803,6622.965346534654,Other family reason,149027.31818181818
Kentucky,2014,33283.62477876106,1.323644578313253,1242.40329218107,7469.878504672897,To establish own household,143399.72023809524
Kentucky,2015,38929.87332908975,1.3550968828980623,1605.318812829105,11336.496947496948,Other family reason,164934.15094339623
Kentucky,2016,37604.909415121256,1.3660377358490565,1628.1690371991247,10567.628222523745,Other family reason,167102.34321157823
Kentucky,2017,39312.75182481752,1.413384512683578,1703.0189840944074,10078.677057356608,"Wanted to own home, not rent",172516.5061014772
Kentucky,2018,43754.85881492319,1.4265063168124392,1795.1956769055746,11950.45850340136,To establish own household,179140.14137214137
Kentucky,2019,47210.15149196634,1.4098232848232848,2280.5043695380773,16867.953075459733,"Wanted to own home, not rent",174165.09695290859
Kentucky,2020,50585.00607111882,1.434485764090645,2866.4061224489797,16467.751051893407,Wanted new or better house/apartment,192389.5942812983
Kentucky,2021,46269.21822541967,1.4157623080995236,2712.619509043928,6035.340414232607,Wanted new or better house/apartment,217279.41553544495
Louisiana,2012,34338.06307053942,1.333245382585752,1529.1623544631307,6286.684210526316,Other family reason,163736.75557263644
Louisiana,2013,34146.6067848882,1.334869714847591,1563.8862170087978,5682.463945578232,Other family reason,165275.5369822485
Louisiana,2014,40870.33256351039,1.339662447257384,1721.2768729641693,10499.736,Other family reason,186227.87878787878
Louisiana,2015,37098.70921420024,1.3180834818019853,1624.064445143037,8230.55625,Other family reason,177761.39769329346
Louisiana,2016,41026.144297635605,1.3736178299930892,1888.2315904735833,10152.162832929782,To establish own household,186219.16884955752
Louisiana,2017,39517.02863278454,1.3530520857883572,1845.0918220946915,9571.329627207326,To establish own household,184758.2341617081
Louisiana,2018,41391.87355464379,1.344798455225682,1791.7739891369945,9818.804861580014,"Wanted to own home, not rent",184301.86093457942
Louisiana,2019,44040.48172757475,1.3829355464017445,2631.7325714285716,10000.721162062091,"Wanted to own home, not rent",200323.2286530904
Louisiana,2020,47520.231051344745,1.388870094722598,2947.1363636363635,11904.632235369363,Wanted new or better house/apartment,209995.1218408148
Louisiana,2021,45515.03619047619,1.4137821328582336,3030.0779874213836,4931.537554473212,Wanted new or better house/apartment,199179.2196471809
Maine,2012,37312.83254208028,1.43730577998757,1641.7796250442166,10330.364987613542,Foreclosure/eviction,198254.60776218
Maine,2013,36778.41883859168,1.4488429752066116,1736.73928700036,9355.58202443281,"Wanted to own home, not rent",201305.90758500437
Maine,2014,38533.80455153949,1.4733300099700897,1878.1973244147157,9879.098984771574,"['To look for work or lost job' 'Wanted to own home, not rent']",190906.401062417
Maine,2015,39462.701942397856,1.4254310344827585,2118.24601867106,10587.193670886076,Relationship with unmarried partner,215385.41458607095
Maine,2016,39404.75329949238,1.444349962207105,2109.8986928104573,11134.27091633466,Other family reason,226212.2883064516
Maine,2017,43366.55794871795,1.4291302765647744,1992.692179700499,12556.607142857143,"Wanted to own home, not rent",226624.63251231526
Maine,2018,42018.74151150055,1.4518410852713177,2014.3645364536453,10222.502024291498,Foreclosure/eviction,209806.54574132492
Maine,2019,42375.07039337474,1.4598249801113763,3501.045822102426,11520.884972170687,Wanted better neighborhood/less crime,222734.01260504202
Maine,2020,46554.90525114155,1.488544474393531,3924.3201621073963,13962.116182572614,Wanted new or better house/apartment,228252.0485875706
Maine,2021,49752.88902900378,1.4830547818013,3282.847071583514,8082.70976744186,Cheaper housing,256050.240430622
Maryland,2012,48658.0355359765,1.4983955074207782,1892.2120329936924,10256.523689516129,"Wanted to own home, not rent",350944.1417037862
Maryland,2013,49042.17942511346,1.4876047842976896,1891.7914320685434,12927.64387755102,Foreclosure/eviction,345061.57596967043
Maryland,2014,52235.049905838045,1.4919354838709677,1953.3992307692308,15785.865718799369,"Wanted to own home, not rent",340007.75865384616
Maryland,2015,53134.0025010421,1.490230387868183,2078.8091860857817,15894.252155172413,Foreclosure/eviction,374722.254330376
Maryland,2016,53539.32262051916,1.5004789272030652,1719.5610948191593,16944.185483870966,"Wanted to own home, not rent",345557.5483468497
Maryland,2017,56617.69797859691,1.5068153000845308,2234.8877349159247,18424.4794921875,Relationship with unmarried partner,368446.0816199377
Maryland,2018,57620.61229314421,1.5047023563455975,2348.5205611998067,17403.019120458892,Other family reason,386348.8439716312
Maryland,2019,58688.501259445846,1.5132248782647189,3730.859375,24017.777777777777,"Wanted to own home, not rent",356474.93846153846
Maryland,2020,66401.14171511628,1.5284469502819067,3865.7858450274557,28936.0222098834,New job or job transfer,389410.48196051735
Maryland,2021,71455.9529972752,1.5006044487427466,3591.177494199536,29540.093170731707,New job or job transfer,407018.7841352406
Massachusetts,2012,46372.44573643411,1.470472769796191,1857.6406009244993,13918.974336283185,"Wanted to own home, not rent",406735.32544938504
Massachusetts,2013,46012.89294523927,1.455079445571332,1838.1484648270502,13051.876699909339,Foreclosure/eviction,367204.8850855746
Massachusetts,2014,53985.93277310924,1.4686011904761904,1923.916230366492,20329.40752351097,Relationship with unmarried partner,361913.2879045997
Massachusetts,2015,49700.11236933798,1.4405548724254533,2070.40336749634,15679.162916989915,Foreclosure/eviction,436392.7215189873
Massachusetts,2016,52848.775,1.4628234290588569,1905.3923476005189,17326.408617095203,"Wanted to own home, not rent",465125.25945470534
Massachusetts,2017,53507.34797959984,1.4965545755237044,2059.175339009776,15444.775952693824,"Wanted to own home, not rent",440544.8887959866
Massachusetts,2018,57509.639516129035,1.4782936280137773,2351.5611772486773,17725.918493150686,"Wanted to own home, not rent",449935.288530466
Massachusetts,2019,62445.1637964026,1.4968956953642385,3974.34900373599,25990.65998785671,Other job-related reason,473396.0771840543
Massachusetts,2020,68248.9037433155,1.5184633710541988,3931.5310621242484,30304.13887979037,New job or job transfer,492655.8833113166
Massachusetts,2021,68420.90337751176,1.5015402843601895,4304.0055824339415,24246.80285714286,Wanted new or better house/apartment,554534.7680608365
Michigan,2012,37605.10896596859,1.4131507592190888,1349.1044472681067,8501.554038004751,"Wanted to own home, not rent",150184.50321858382
Michigan,2013,39655.282814614344,1.4362901389205192,1528.3410832232496,9132.692122669874,Other family reason,153768.16924423695
Michigan,2014,44963.982914572865,1.4308510638297873,1726.9853620955316,13155.622302158274,"Wanted to own home, not rent",173664.23539823008
Michigan,2015,40221.09886201991,1.4215173517105586,1705.4250144759699,10251.900427611485,"Wanted to own home, not rent",157788.31903400063
Michigan,2016,41889.934029071934,1.43797609666404,1896.4525821596244,10966.786769428389,"Wanted to own home, not rent",172777.87944025834
Michigan,2017,43465.614594792816,1.4693812324213755,2007.3810672294242,10271.112074303406,"Wanted to own home, not rent",181838.982492276
Michigan,2018,47091.95910639909,1.4467863648191517,2063.61824,11849.092783505155,"Wanted to own home, not rent",184031.5710286914
Michigan,2019,47859.62194677361,1.4813878080415046,3106.8696594427242,14514.532570422536,"Wanted to own home, not rent",215530.8545810238
Michigan,2020,54218.89988081049,1.4937732608073289,3530.791988756149,17885.86014211886,To establish own household,217460.8819742489
Michigan,2021,57827.96669218989,1.4753609106052192,3190.150451354062,17622.897435897437,To establish own household,234403.33215171925
Minnesota,2012,41897.07947842285,1.4819800720797116,1798.9264528574874,10644.419481981982,"Wanted to own home, not rent",219140.96820083683
Minnesota,2013,43574.547903275175,1.4754594820384295,1908.1742513558122,10851.02200220022,Foreclosure/eviction,225830.93179347826
Minnesota,2014,45198.77502477701,1.48926812104152,2272.2209026128266,13423.234200743495,"Wanted to own home, not rent",243066.7271078876
Minnesota,2015,47366.65927240461,1.495524595267746,1995.8748231966053,13462.3546875,"Wanted to own home, not rent",237524.56379821958
Minnesota,2016,48202.51246200608,1.5117435463393991,2234.1311796377877,15010.169197396963,"Wanted to own home, not rent",222714.3748597082
Minnesota,2017,48316.94227188082,1.4921359436867576,2314.6633663366338,13167.16057585825,Relationship with unmarried partner,240723.6861575179
Minnesota,2018,50998.01282873637,1.5023584905660377,2232.9974912192674,13752.994413407821,"Wanted to own home, not rent",257461.66589327145
Minnesota,2019,54647.498756218905,1.5028804347826088,3664.9865190178143,19422.531015037595,"Wanted to own home, not rent",269312.81755196303
Minnesota,2020,57701.05412541254,1.5388434579439252,3678.7272267206476,20421.736788617887,Wanted new or better house/apartment,296457.9976553341
Minnesota,2021,64398.603848706036,1.5140995260663508,3884.0207684319835,21276.769596199523,Change in marital status,317089.5748398369
Mississippi,2012,32093.83555926544,1.3834347345132743,1565.6631016042782,6333.346215780998,To establish own household,127229.58297258297
Mississippi,2013,31610.6,1.3200402144772119,1408.5003162555345,7121.697478991597,Relationship with unmarried partner,121383.69708302169
Mississippi,2014,38424.80542986425,1.3627862595419846,1677.9297012302284,13770.266009852217,To establish own household,125128.31364562118
Mississippi,2015,32383.672463768115,1.3261923076923077,1539.148588410104,6984.0046772684755,To establish own household,119440.71259842519
Mississippi,2016,34954.94275802255,1.3577105409927497,1604.2910052910054,9007.087029288703,To establish own household,132667.2233320016
Mississippi,2017,36015.05629290618,1.3413162570328694,1601.3784818941504,7979.50975177305,To establish own household,134136.11353162967
Mississippi,2018,35384.51095216808,1.3691132637853949,1655.8258508327299,7390.769628990509,"Wanted to own home, not rent",138555.99031986532
Mississippi,2019,37419.605961807174,1.365889766170665,2505.4189882697947,8643.01980568012,"Wanted to own home, not rent",146503.2039392696
Mississippi,2020,39309.1874015748,1.374955035971223,2728.832618025751,9775.961503623188,To establish own household,149422.90836839646
Mississippi,2021,39271.16723884257,1.3726170568561873,2536.0951606344042,3572.6963685272362,Wanted new or better house/apartment,151081.16
Missouri,2012,38648.40009965122,1.4095179738562091,1738.577122359506,9642.987940630797,To establish own household,177998.9065462754
Missouri,2013,40177.38864628821,1.4163163001293662,1558.5462089777443,9828.663740122915,"Wanted to own home, not rent",174887.45853444494
Missouri,2014,36897.09491059147,1.3900517403574788,1977.698347107438,9778.163101604277,To establish own household,178477.0642201835
Missouri,2015,42454.22846638656,1.4661726804123711,1795.2406394615061,11827.514201762977,"Wanted to own home, not rent",193311.23040254237
Missouri,2016,44391.40417910448,1.4788587848932677,2311.40989729225,12421.288562434418,"Wanted to own home, not rent",179761.8402976531
Missouri,2017,43401.56216216216,1.4433943493832073,2028.8948383984564,11322.09090909091,To establish own household,180074.74082702387
Missouri,2018,46046.219219219216,1.4667854149203687,2012.7026506024097,12481.567477876106,"Wanted to own home, not rent",199335.03790924756
Missouri,2019,47917.136447449295,1.4554591620820991,3199.3662790697676,13341.876258992806,Other family reason,211980.70108385626
Missouri,2020,48184.667119565216,1.4957270101107367,3374.932259855636,13552.966504592112,Wanted new or better house/apartment,210124.7286338116
Missouri,2021,50668.667703795894,1.4830527248560035,3217.7332015810275,8617.645962732919,Other housing reason,224401.060520362
Montana,2012,31844.714983713355,1.389356709000552,1551.3861578266494,5806.484240687679,Foreclosure/eviction,200814.65798045602
Montana,2013,35553.27205276175,1.4223314606741573,1529.1988778054863,7021.622126436781,Foreclosure/eviction,219795.6269387755
Montana,2014,35736.153846153844,1.4544198895027625,1728.2799188640975,8366.185714285713,Other family reason,229674.32432432432
Montana,2015,40302.21941354904,1.4520998558038933,2095.2638944422233,10074.606791778373,Other family reason,220686.68146618482
Montana,2016,40494.28660826033,1.4544282346006483,1982.8236666666667,10723.344776119404,Foreclosure/eviction,255927.17485613102
Montana,2017,41678.587202497074,1.4650028081999438,2182.7785737544773,10125.46947368421,"Wanted to own home, not rent",246896.48001648125
Montana,2018,44642.90703851262,1.4848123409669212,1883.4305999290025,11358.095943837754,"Wanted to own home, not rent",258884.3849296414
Montana,2019,42626.01672240803,1.4759976125511596,3097.456714120816,11391.510259388308,"Wanted to own home, not rent",314596.5043859649
Montana,2020,47421.33942558747,1.4906771799628942,3600.694513715711,13643.406674907294,Other family reason,357178.8754598003
Montana,2021,49851.743367623174,1.4749238675295013,3199.272197309417,9616.302263137706,To establish own household,399685.0
Nebraska,2012,40059.82604776927,1.4775361228175798,1911.772921108742,9747.712671509282,Foreclosure/eviction,156805.82290388548
Nebraska,2013,38273.09890656063,1.4630252100840335,1793.8039443155453,7889.027420736932,Wanted better neighborhood/less crime,153113.71535932363
Nebraska,2014,40479.16532905297,1.498125720876586,2581.319628647215,10587.74041297935,"Wanted to own home, not rent",169301.8575851393
Nebraska,2015,41669.67867518884,1.4501160092807424,2001.7702936096719,10851.736170212766,To establish own household,158900.54535336673
Nebraska,2016,42415.7975811585,1.4628090366581414,1734.3817829457364,12135.227790432802,"Wanted to own home, not rent",164035.21554341225
Nebraska,2017,44243.987829614605,1.481125678119349,2060.040268456376,11112.434416365824,"Wanted to own home, not rent",171391.77034120736
Nebraska,2018,46385.53044654939,1.473234495246718,2660.419624217119,12055.526445264453,To establish own household,180934.4458846403
Nebraska,2019,50047.31937879811,1.466423024211969,3602.3405263157892,13925.704465629704,Other family reason,211932.85714285713
Nebraska,2020,51467.14550446122,1.5045563549160672,3769.7788300835655,14895.580863234529,New job or job transfer,207924.03076923077
Nebraska,2021,54186.81780821918,1.4936372049976863,3323.7270822420114,8788.768337975858,"Wanted to own home, not rent",230289.39911167513
Nevada,2012,36837.05837946653,1.4008344030808728,1493.2858249419055,5313.748760330578,"Wanted to own home, not rent",201709.3663423011
Nevada,2013,37778.34743653559,1.4022997496871088,1567.5783783783784,5430.915282392027,Other family reason,190087.62795817282
Nevada,2014,41738.22007042253,1.4114349775784754,1873.9987146529563,7303.685878962536,Wanted better neighborhood/less crime,229027.74102079394
Nevada,2015,39215.503549972695,1.3860076575008702,1684.8609601449275,7129.8770642201835,"Wanted to own home, not rent",239143.88464118043
Nevada,2016,41423.779033270555,1.448550875729775,1579.53014449427,8415.841719077569,"Wanted to own home, not rent",256118.65109034267
Nevada,2017,42345.32017010936,1.4920778178900922,1801.0969121140142,7291.713993871297,Wanted better neighborhood/less crime,256475.01962209304
Nevada,2018,43523.80174563591,1.4345833333333333,1783.0626591951095,8092.557971014493,Other family reason,248754.31821561337
Nevada,2019,47267.214836795254,1.4460420841683366,2885.22647914646,9174.003178928248,Other family reason,300842.43518518517
Nevada,2020,50804.03003754693,1.4745420846053205,3510.533262373603,10384.318204001953,Wanted new or better house/apartment,329964.88666666666
Nevada,2021,47605.8717948718,1.4465412111017661,2789.2734375,4454.139170896785,Cheaper housing,389147.2584892585
New Hampshire,2012,44100.58276899925,1.5174879162191193,2037.720654265555,8689.079809004093,Other family reason,277508.5632264882
New Hampshire,2013,46918.08283803863,1.510904323356357,2036.8174429509222,9221.237209302326,"Wanted to own home, not rent",261297.02570951587
New Hampshire,2014,46287.885714285716,1.5417757417102966,2279.4949596774195,10654.22198731501,Change in marital status,267479.5127353267
New Hampshire,2015,48506.08701787394,1.5089036312849162,2268.019667170953,12315.445469798658,To establish own household,302121.76999101526
New Hampshire,2016,48901.84174876847,1.522246244879381,2358.3487562189057,12173.146314631464,"Wanted to own home, not rent",303894.09694477083
New Hampshire,2017,50944.63892288862,1.5272758462946021,2338.705882352941,11700.231868131868,"Wanted to own home, not rent",302469.78177458036
New Hampshire,2018,51836.20420792079,1.530646274149034,2377.234106962664,11652.8125,"Wanted to own home, not rent",331989.5295551493
New Hampshire,2019,54286.63029925187,1.5368785178236397,3929.5541859270675,14089.100153295862,To look for work or lost job,315895.11572700297
New Hampshire,2020,59991.19593220339,1.5640133951571356,4528.979741136747,18389.523359288098,Wanted new or better house/apartment,312535.3658536585
New Hampshire,2021,60485.74544179523,1.545698221757322,4078.9759174311926,11531.52281069743,To establish own household,372017.4736842105
New Jersey,2012,48608.96930299747,1.4734016593460224,1734.9929158401815,12966.91301775148,"Wanted to own home, not rent",376564.75708502025
New Jersey,2013,49665.34798670115,1.480993236472946,1919.361963190184,13198.803658536586,"Wanted to own home, not rent",382017.5384336476
New Jersey,2014,48013.52380952381,1.4848151408450705,2327.543,14223.210638297873,"Wanted to own home, not rent",436064.2673521851
New Jersey,2015,48497.20277676288,1.4736825751926423,2107.4799426934096,13528.42830882353,Other family reason,405152.1409624858
New Jersey,2016,52324.74222896133,1.4758522727272727,1952.4573524915927,15904.518611987382,"Wanted to own home, not rent",394314.30712227256
New Jersey,2017,54924.86078431373,1.4878556092324209,2096.29391575663,16315.916998671979,Other family reason,375452.4383788255
New Jersey,2018,54040.87130716309,1.486403878583474,2281.5452404978137,15362.169315825846,"Wanted to own home, not rent",395235.6827704147
New Jersey,2019,60744.40681906238,1.5051925722145805,4013.7695214105793,26088.627659574468,"Wanted to own home, not rent",419433.7587755102
New Jersey,2020,64829.333333333336,1.5208187849162011,4241.3038336052205,27818.605009633913,Wanted new or better house/apartment,433073.007007007
New Jersey,2021,65691.79304029304,1.5073456586332123,3747.1586096683977,21167.218368021142,Wanted new or better house/apartment,463410.3083374445
New Mexico,2012,35870.27474267617,1.351582940868655,1681.457800511509,5187.214747736093,Foreclosure/eviction,197965.21100226074
New Mexico,2013,42358.82413249211,1.3572189664358019,1778.1685542971352,10660.16318537859,Foreclosure/eviction,190629.0599842147
New Mexico,2014,35355.15282392027,1.2935144124168514,1580.8011049723757,6916.075268817204,Other family reason,191909.25266903915
New Mexico,2015,38268.983598875355,1.3504341534008684,1733.0581306990882,7213.027407407408,"Wanted to own home, not rent",191779.39873130948
New Mexico,2016,36780.24971450323,1.3610288675055515,1519.7993144281709,7231.120277078086,Other family reason,185595.90427544457
New Mexico,2017,41785.28256591893,1.3725886339937434,1537.2492772245423,10594.776098901099,"Wanted to own home, not rent",187061.77279874214
New Mexico,2018,39202.63131524008,1.3664143537987103,1526.9623748705558,7593.907394609537,"Wanted to own home, not rent",195249.84915741882
New Mexico,2019,43934.472186287196,1.3890079834417504,2556.414624808576,13500.911592707258,Other family reason,190402.72409539475
New Mexico,2020,42170.886194953,1.415211316800559,2993.522889542209,8697.72786617707,Other family reason,223343.70924690182
New Mexico,2021,42451.77199017199,1.3993175535590878,2689.5888650963598,2657.479930191972,To establish own household,244746.92687559355
New York,2012,40381.07426687489,1.4030164905353617,1467.5607293550331,11424.610532761788,"Wanted to own home, not rent",380476.8061440678
New York,2013,42653.18431018936,1.38262396446152,1467.5091463414635,12138.181180223286,"Wanted to own home, not rent",348937.7882692735
New York,2014,47328.33516483517,1.3858452138492872,1582.4648862512363,15164.888412017168,Other family reason,382875.50259836676
New York,2015,46537.553179923896,1.422956849653808,1631.9237116612176,14650.33140655106,Foreclosure/eviction,389468.1989760298
New York,2016,48256.197312037395,1.4215996233014934,1744.2536593479708,15492.829664747715,"Wanted to own home, not rent",413198.04932735424
New York,2017,51568.011918492884,1.4501272775991425,1823.333278553821,16261.545394519644,"Wanted to own home, not rent",383046.05099081685
New York,2018,51972.00143149284,1.432517985611511,2156.0331988261187,16344.570073761855,Relationship with unmarried partner,400152.72408376966
New York,2019,55698.6813229572,1.4585692141798086,2966.5931261933692,21801.741136919314,"Wanted to own home, not rent",483229.689408867
New York,2020,57935.445063516825,1.4528588328075709,2862.0729285987018,23089.569545859304,Wanted new or better house/apartment,484341.70058708417
New York,2021,55876.46844486782,1.453297169011697,3273.563691507799,15508.349436667804,Wanted new or better house/apartment,492165.8982748364
North Carolina,2012,37552.4534706331,1.4058514628657164,1711.4958871915394,9123.263624841571,"Wanted to own home, not rent",193533.39874120697
North Carolina,2013,35665.78941355674,1.3852066532258065,1699.402901124926,9705.90328820116,Relationship with unmarried partner,187760.12191473448
North Carolina,2014,37944.630536130535,1.4170928402832415,2019.7039055404177,11636.174950298211,"Wanted to own home, not rent",182607.55319148937
North Carolina,2015,41350.9289961525,1.3959772099447514,1759.8074214517876,10733.133215962442,To establish own household,191778.0333673817
North Carolina,2016,42379.05645730416,1.4101153039832286,1954.8082901554403,11177.793504901962,To establish own household,200258.41956059533
North Carolina,2017,43202.58872077029,1.4373968403678379,2189.3659210162937,11825.7743557511,Relationship with unmarried partner,195439.71443624867
North Carolina,2018,45204.40393175074,1.4275074478649454,2374.452818991098,12065.765645805592,Relationship with unmarried partner,206716.74503931112
North Carolina,2019,44580.467338429466,1.4330643247092334,3000.0801991150443,12979.219274499188,"Wanted to own home, not rent",217681.9609429979
North Carolina,2020,48934.42179902755,1.4476678842371453,3268.005808325266,14790.779374201788,New job or job transfer,220273.33333333334
North Carolina,2021,48688.845622956775,1.4329453441295548,3184.1518607442977,7315.898084291188,Wanted new or better house/apartment,250331.13137327874
North Dakota,2012,42225.09009009009,1.4905873493975903,2006.0808966861598,9044.161812297734,"Wanted to own home, not rent",181957.5215339233
North Dakota,2013,43658.965806838634,1.470514950166113,1960.0706627680313,8909.687628865979,"['Foreclosure/eviction' 'Wanted to own home, not rent']",178873.7142857143
North Dakota,2014,44375.586614173226,1.448968705547653,2363.286809815951,10867.505016722407,Foreclosure/eviction,182686.98481561823
North Dakota,2015,44978.85435779816,1.489579198094482,2415.0465532676812,10871.20758483034,"Wanted to own home, not rent",220238.8383303939
North Dakota,2016,45475.30370370371,1.46985891406584,2224.234699038948,10984.1462113127,To establish own household,203346.0985378258
North Dakota,2017,46684.728167281675,1.4896179401993355,2254.0944527736133,9650.071805702217,Other family reason,206047.33593281344
North Dakota,2018,46619.914841849146,1.4750615763546797,2232.2733564013843,9730.997870074547,Relationship with unmarried partner,195047.0036585366
North Dakota,2019,51942.38475609756,1.4855488313856426,3486.9185774450166,12544.108058608059,"Wanted to own home, not rent",227938.88600118132
North Dakota,2020,54342.64131812421,1.5195681511470984,3221.466209598433,13298.848214285714,Wanted new or better house/apartment,240655.0839328537
North Dakota,2021,51959.0095636581,1.4760540319279574,3382.8560293443375,5620.886148787506,Wanted new or better house/apartment,239498.1562689279
Ohio,2012,36645.80085784314,1.4116219008264463,1579.9680253844276,7966.605618584549,Foreclosure/eviction,158320.02865497075
Ohio,2013,36099.757273245865,1.4135455074713759,1645.9467756183747,7501.152542372882,Other family reason,155867.50125104253
Ohio,2014,41106.41614349776,1.417428397318708,1764.9043296089385,11334.54967948718,"['Other family reason' 'Wanted to own home, not rent']",160491.95501730105
Ohio,2015,39637.385102533175,1.4040715296019397,1736.8820644558618,9915.41066520066,"Wanted to own home, not rent",157239.16117326883
Ohio,2016,39773.79778830964,1.4356272903643026,1922.2760875031431,10113.582903040735,"Wanted to own home, not rent",178267.51151782897
Ohio,2017,44140.43024330151,1.435331146847228,1989.1005816771692,11118.179911699779,"Wanted to own home, not rent",178332.3985798086
Ohio,2018,45949.201470096894,1.4534181519699811,2096.8673872923805,11794.319852941177,"Wanted to own home, not rent",195273.08823529413
Ohio,2019,47986.96767537827,1.4635164569215877,3447.2351464435146,13842.768316284213,"Wanted to own home, not rent",204315.0361366623
Ohio,2020,53050.47778214707,1.4684785654244887,3628.3979889717807,15545.877093206951,New job or job transfer,214577.1405904059
Ohio,2021,48112.215114104,1.4492407954850846,3585.85501618123,7031.881461434371,Other family reason,210338.21068032188
Oklahoma,2012,39650.84844641725,1.414511201629328,1610.6715328467153,7951.07700770077,Other family reason,173970.25338833235
Oklahoma,2013,38413.494163424126,1.3812474808544941,1275.5176358436606,6822.013667425968,"Wanted to own home, not rent",151659.307875895
Oklahoma,2014,39258.64835164835,1.3431786216596344,1589.1876075731498,8557.023166023166,Other family reason,157776.8898488121
Oklahoma,2015,39424.33192612137,1.3826684545759302,1657.69218870843,8600.742296918768,Other family reason,148032.87032540067
Oklahoma,2016,42743.791295228104,1.4196704428424305,1998.6615939126953,10895.74835061263,To establish own household,156841.63887493723
Oklahoma,2017,43699.82391304348,1.4219418687589158,1761.3546901172529,11754.649897330595,"Wanted to own home, not rent",147486.53518907563
Oklahoma,2018,42117.27657266811,1.4452933985330074,1818.049696969697,8652.128110599078,To establish own household,162933.6460532931
Oklahoma,2019,45354.579275198186,1.4331279449075751,2864.552719665272,10054.586904761905,"Wanted to own home, not rent",165474.0648148148
Oklahoma,2020,49645.15431720759,1.4728959369817578,3102.8810656517603,13554.367868553172,Other housing reason,178310.8013136289
Oklahoma,2021,45298.795454545456,1.405992509363296,2716.7626392459297,4163.50340651022,Wanted new or better house/apartment,193638.85908141962
Oregon,2012,37627.51902923331,1.4125706214689266,2048.2270176952957,9015.898648648648,"Wanted to own home, not rent",276218.7667044168
Oregon,2013,37575.89287656335,1.4227322604242867,1885.8482293423272,8793.181987000928,Other family reason,257575.76647727273
Oregon,2014,37627.0,1.4078947368421053,2066.161963190184,9593.981132075472,"Wanted to own home, not rent",262604.4022988506
Oregon,2015,41542.172378516625,1.4237783286118981,1853.9115151515152,11904.782647584972,To establish own household,294694.49796156085
Oregon,2016,41290.16794310722,1.4466180371352786,1984.8964285714285,11408.712737127371,Relationship with unmarried partner,301083.166460396
Oregon,2017,46268.5566395664,1.4445274561075832,1812.2185769066893,13661.11405109489,"Wanted to own home, not rent",330908.1983729662
Oregon,2018,48727.46184510251,1.465708398744113,2273.563270899954,13844.747859181733,Other family reason,327992.3738965952
Oregon,2019,49963.06562668101,1.4739052472631182,3370.1241685144123,17260.134933774836,"Wanted to own home, not rent",390827.8911007026
Oregon,2020,58640.75341716785,1.5083137715179968,3454.763365468887,26232.99111675127,Wanted new or better house/apartment,469496.634551495
Oregon,2021,57124.40810126582,1.4896511207519885,3495.325463743676,16603.93052018916,Wanted new or better house/apartment,478245.6626379401
Pennsylvania,2012,39039.06518518519,1.4456042090970809,1324.4165538580546,8971.086860670193,"Wanted to own home, not rent",222369.35324074075
Pennsylvania,2013,39744.262746087836,1.4268048697428912,1539.16010091209,8903.858881875563,"Wanted to own home, not rent",200813.52143193595
Pennsylvania,2014,41852.5573089701,1.4693327505827505,1809.6282894736842,11549.72,"Wanted to own home, not rent",217674.05617977527
Pennsylvania,2015,42491.2952725394,1.450214181553044,1709.5159836065575,11195.001859600186,Foreclosure/eviction,228512.5706398996
Pennsylvania,2016,44029.48278781038,1.4578488372093024,2001.4406857142858,12108.754641244355,"Wanted to own home, not rent",225209.29904502045
Pennsylvania,2017,45022.84103179364,1.4684300341296928,1982.5653346408433,11656.464519650655,"Wanted to own home, not rent",215323.12241329058
Pennsylvania,2018,50209.212216624685,1.4685766585311737,2209.322898258016,14393.824449594438,"Wanted to own home, not rent",236265.96354799514
Pennsylvania,2019,49473.901342491416,1.469072447859495,3176.1145602365114,15406.213213213214,Relationship with unmarried partner,253018.43561398267
Pennsylvania,2020,55374.54583046175,1.502200150867488,3252.5790664780766,18247.930439621592,Wanted new or better house/apartment,255886.23146595102
Pennsylvania,2021,55528.52774940415,1.4877948262744103,3372.779743223966,14701.029494024917,Wanted better neighborhood/less crime,289644.6338400529
Rhode Island,2012,39811.275179856115,1.4356211656441717,1573.0003590664273,9665.426446280992,Foreclosure/eviction,280179.7683668694
Rhode Island,2013,44487.57428441617,1.4190244279529993,1666.8277562522014,11824.231605351171,"Wanted to own home, not rent",284882.5827406354
Rhode Island,2014,45224.09482758621,1.484452736318408,2138.0639777468705,12883.476038338658,Change in marital status,306645.3211009174
Rhode Island,2015,47334.5798854233,1.4688522674146798,2002.5331550802139,13731.320454545454,To establish own household,279762.60028449504
Rhode Island,2016,45227.00566572238,1.4642733564013841,1706.6674856674856,13090.389632107024,To establish own household,272758.20815450646
Rhode Island,2017,45875.060909090906,1.4629906852960746,1976.117924528302,12013.20265780731,Change in marital status,285688.07411385607
Rhode Island,2018,49761.73933209648,1.4564996614759649,1979.7130570758404,13810.412724306689,Other job-related reason,321019.04595185997
Rhode Island,2019,53355.467028003615,1.4986807387862797,3336.624603174603,18488.105709876545,Other job-related reason,358309.6709870389
Rhode Island,2020,56188.925531914894,1.4816433566433567,2977.1677360219983,18612.226431718063,"Wanted to own home, not rent",329248.8630136986
Rhode Island,2021,57194.05025641026,1.500093984962406,3418.875113122172,14702.395033860044,Wanted new or better house/apartment,377363.6514983352
South Carolina,2012,30499.231677018633,1.3621161127471604,1495.5691363850874,5751.47756041427,"Wanted to own home, not rent",144690.60593220338
South Carolina,2013,33545.530800230285,1.378262563303467,1518.7963683527885,6925.832978723404,Other family reason,167731.0308370044
South Carolina,2014,33968.37291280148,1.3703880407124682,1677.665693430657,7425.940350877193,Other family reason,161507.82837127845
South Carolina,2015,39072.41068622316,1.3871600418410042,1686.3603002502084,10020.788571428571,Other family reason,167198.44198312235
South Carolina,2016,39412.08273381295,1.4160701815642458,1921.9307178631052,10449.742583732057,Other family reason,183870.94392033544
South Carolina,2017,45764.65854895992,1.4167389795209997,1954.8395311236864,13503.310900473934,To establish own household,202233.09899569585
South Carolina,2018,45146.431183341796,1.4035426166257454,1971.4646507666098,13026.034951456311,"Wanted to own home, not rent",188753.88735858336
South Carolina,2019,46045.27172827173,1.4422141119221412,3548.029868578256,12985.535728868927,Other job-related reason,213171.4647495362
South Carolina,2020,48441.76504297994,1.42435,3047.199727024568,14708.80914605693,New job or job transfer,198933.77789473685
South Carolina,2021,47875.37736815156,1.4391769398114576,2779.843776106934,7818.6840379008745,Cheaper housing,241209.27548076923
South Dakota,2012,34625.287059990085,1.4134263875041542,1990.8363636363636,4924.716814159292,Other family reason,164235.64329995232
South Dakota,2013,37166.557013118065,1.451508986096982,1776.5115913555992,5933.544373284538,"Wanted to own home, not rent",152735.47701688556
South Dakota,2014,41485.901116427434,1.4504817987152034,2090.5965346534654,9256.211143695014,['Other family reason' 'Other job-related reason'],166412.74631268438
South Dakota,2015,43664.47692307692,1.456275258194881,2528.920387305003,10520.742130750605,Other family reason,180728.63408521304
South Dakota,2016,44277.3013029316,1.4309333333333334,2094.3083645443194,10240.848484848484,"Wanted to own home, not rent",202725.50833333333
South Dakota,2017,43632.49558232932,1.4310510428100989,2362.947011706716,9328.341605839416,"Wanted to own home, not rent",185302.55248618784
South Dakota,2018,44903.874162323154,1.4798662119622246,2476.808859223301,9643.457718120806,"Wanted to own home, not rent",181214.0909757887
South Dakota,2019,48552.37417943107,1.4718119153126539,3817.154603358425,8908.349589041096,"Wanted to own home, not rent",196983.8157181572
South Dakota,2020,48989.90456431535,1.4857700892857142,4532.222739361702,8581.152941176471,"Wanted to own home, not rent",215004.07194244605
South Dakota,2021,52503.972292191436,1.4757274762171237,3757.1149193548385,5130.266328828829,Wanted new or better house/apartment,222180.16339869282
Tennessee,2012,34669.925043579315,1.402798861480076,1605.7600170502983,5125.703043022036,Foreclosure/eviction,191212.36243822076
Tennessee,2013,34395.13785310734,1.3722641509433962,1681.1252144082332,5402.135193133047,Other family reason,179602.52894884767
Tennessee,2014,36370.11239669422,1.4083333333333334,1917.1990111248456,8261.838709677419,Foreclosure/eviction,192052.39576547232
Tennessee,2015,39413.403542364766,1.3954346415828738,1994.6550951847705,8406.97937219731,Foreclosure/eviction,195105.54432793136
Tennessee,2016,41755.592976136875,1.4105170297637313,2067.760435571688,9668.689336691856,"Wanted to own home, not rent",190500.15758667266
Tennessee,2017,42919.127839643654,1.4142090139140955,1883.222576079264,8954.49711459192,Relationship with unmarried partner,204230.8868940754
Tennessee,2018,45972.51078167116,1.4595185995623632,1882.6549145299145,10379.410846343468,To establish own household,196643.93685121107
Tennessee,2019,44940.50104384134,1.452752227651624,2904.6932928884394,8430.60327540107,"Wanted to own home, not rent",223853.5470051567
Tennessee,2020,48546.80284552846,1.4424301379554298,3276.590421139554,11423.861054352268,Other family reason,260853.10280818658
Tennessee,2021,46858.432110528825,1.4397054062803496,2859.0973782771534,3471.4874551971325,Wanted better neighborhood/less crime,265060.8139003201
Texas,2012,39308.87792136376,1.3722311126084392,1565.0401103565366,6610.818626309662,"Wanted to own home, not rent",158308.99138695377
Texas,2013,38837.98217514854,1.377271821442806,1529.4418374418374,5752.2133219104735,Other family reason,150921.6215545071
Texas,2014,40990.07454017425,1.3928072625698324,1861.66616597822,8574.54259718776,Other family reason,168981.205466081
Texas,2015,41645.43636130357,1.3905114645567576,1791.1363818290974,8449.615980522354,"Wanted to own home, not rent",174577.02592311584
Texas,2016,44649.883871839935,1.4083191308052834,1714.1150451775584,9951.619682094437,"Wanted to own home, not rent",192712.43260641093
Texas,2017,45470.29159519725,1.426562762914353,2090.198228243877,9029.02572859745,"Wanted to own home, not rent",203647.3964666147
Texas,2018,45637.893166378046,1.4293854033290654,2024.7210040983607,8776.556771545827,Other family reason,210274.2296429489
Texas,2019,47677.940776699026,1.43128437471824,3136.004833040422,9367.305764156688,To establish own household,227043.73964338383
Texas,2020,52636.377195784095,1.4621333761507171,3283.560293559408,12301.885167464116,Wanted new or better house/apartment,229449.94546274038
Texas,2021,52827.89811262851,1.4269727618666133,3188.042944785276,5789.145091312683,Wanted new or better house/apartment,263684.85120161175
Utah,2012,38225.53007518797,1.46380970011107,1552.1258250825083,8261.055260361318,"Wanted to own home, not rent",244919.44886062533
Utah,2013,38971.215721040186,1.4679872808525267,1504.3428997390981,7807.058,Other family reason,262698.618065783
Utah,2014,39566.07531380753,1.4622057001239157,1838.2348804500702,8713.550522648084,"Wanted to own home, not rent",265091.0284697509
Utah,2015,40101.98256467941,1.4716043141220088,1765.1914893617022,10011.017034068136,To establish own household,247853.87133182844
Utah,2016,42362.67576419214,1.4814935064935064,1872.3491189427314,11690.95019157088,"Wanted to own home, not rent",266392.1187080537
Utah,2017,49045.59193548387,1.4989399869536857,1967.512537993921,13652.388073394495,Relationship with unmarried partner,296263.21524852567
Utah,2018,47746.80223880597,1.4975579470198674,2158.8375634517765,12926.444343065694,Relationship with unmarried partner,306738.06845238095
Utah,2019,48678.769039323044,1.5122108947048083,2751.1816276632903,15567.634791122715,"Wanted to own home, not rent",333412.58692120225
Utah,2020,56304.29187396351,1.5177018093249826,3398.707162643451,18141.57804331591,Change in marital status,367720.66815144767
Utah,2021,55137.7095548317,1.5201488706365502,3225.9281744335185,13899.214162942591,Wanted new or better house/apartment,439820.59685863875
Vermont,2012,37114.27435897436,1.4582251483679525,1665.354221061793,8079.007346189164,"Wanted to own home, not rent",241772.04121151936
Vermont,2013,40283.57616638561,1.4671262989608314,1835.3879583521955,8886.168195718654,Foreclosure/eviction,238739.87332259797
Vermont,2014,42144.63712374582,1.5321828358208955,2220.0269541778976,10561.735735735736,Foreclosure/eviction,229368.4294871795
Vermont,2015,43462.87786259542,1.4870186066637818,1899.5306427503738,11238.718518518519,"Wanted to own home, not rent",257994.7934595525
Vermont,2016,45723.825974025975,1.480097433460076,1782.0820458177943,13794.439467312348,Other housing reason,242129.06596995427
Vermont,2017,47288.127729980144,1.488042406311637,2052.1073384446877,13783.244143033293,Other job-related reason,246103.69375419745
Vermont,2018,49910.11288088642,1.486336032388664,2560.06162464986,14858.120512820513,Change in marital status,255204.9831876261
Vermont,2019,48366.659046374916,1.492391304347826,3707.3546798029556,14021.956995100707,"Wanted to own home, not rent",281473.36454431963
Vermont,2020,54880.72921265636,1.5064606741573034,3921.598247809762,17689.383333333335,Change in marital status,285353.40881355933
Vermont,2021,59123.32241992882,1.506918819188192,4050.7743309002435,14851.838692672642,To be closer to work/easier commute,305318.8888888889
Virginia,2012,45575.73595311961,1.468431483578709,1707.613920750782,12520.323281061519,"Wanted to own home, not rent",303284.40530431824
Virginia,2013,48744.00416811393,1.4715343670446657,1984.2404283801875,13755.409199522102,"Wanted to own home, not rent",329705.26459542505
Virginia,2014,47707.09410430839,1.492391304347826,2051.2408088235293,13700.036511156186,To look for work or lost job,316462.7464008859
Virginia,2015,49351.29163636364,1.4849148568608095,2075.8729472774417,14306.138392857143,Foreclosure/eviction,344672.481508079
Virginia,2016,49938.75884665793,1.4768532083211252,1971.0609153770167,15643.704368174727,Relationship with unmarried partner,333765.86739606125
Virginia,2017,52110.66694987256,1.473209127671866,2357.6993377483445,15566.461307287753,"Wanted to own home, not rent",327650.0264957265
Virginia,2018,53695.02162400706,1.481073148705599,2107.424643230073,15186.355034065102,Relationship with unmarried partner,353693.4042361424
Virginia,2019,58626.19258940112,1.4792838117786327,3028.367231638418,20462.169552433847,"Wanted to own home, not rent",364110.68266320793
Virginia,2020,64562.53890214797,1.495636635638298,3471.8691998538548,26591.74143646409,Wanted new or better house/apartment,384673.629142079
Virginia,2021,63371.6809566787,1.509876738305942,3777.644025604552,18266.411185255798,New job or job transfer,414517.0520833333
Washington,2012,42092.5831809872,1.4420873335397957,1771.9369968498424,7836.272082018927,Relationship with unmarried partner,293454.01371807
Washington,2013,43752.52742787485,1.4521724137931034,1684.053307642903,8219.920863309353,Foreclosure/eviction,299060.58990944375
Washington,2014,46648.367875647666,1.4476819757365684,1755.5405679513185,10648.185840707965,Foreclosure/eviction,301862.6155878468
Washington,2015,44624.11556705477,1.4453784570596797,2024.9419898819563,9997.617265087853,Other family reason,343363.28301886795
Washington,2016,47523.80256527714,1.4608763693270737,1944.184376156979,11325.954802259886,Relationship with unmarried partner,389170.7403751234
Washington,2017,50574.132530120485,1.4638293184488838,1836.5040336723957,11398.529411764706,"Wanted to own home, not rent",411770.9615560641
Washington,2018,54516.972915785016,1.4798984034833091,1791.4358430540826,13292.21680420105,"Wanted to own home, not rent",403151.5666523789
Washington,2019,57075.29077117573,1.499384236453202,3085.0560908465245,14268.389221556887,['Other family reason' 'Relationship with unmarried partner'],448017.6862244898
Washington,2020,60353.39298724954,1.5296779878244153,3063.5426807119507,15364.65250431779,"Wanted to own home, not rent",442175.7269503546
Washington,2021,59370.21453744493,1.5127470975839348,3201.1586001489204,9360.265113350126,Wanted new or better house/apartment,534180.6247160381
West Virginia,2012,34136.748858447485,1.3753768844221106,1800.9212792127921,7857.289085545723,Other family reason,134301.33333333334
West Virginia,2013,35408.35247208931,1.3928945988463555,1557.3215755437977,8782.446372239747,"Wanted to own home, not rent",143785.24102911307
West Virginia,2014,41293.8025,1.3453389830508475,1886.4316831683168,15978.167630057804,"Wanted to own home, not rent",140140.72624434388
West Virginia,2015,34843.373546511626,1.3498675057966214,1626.6246118012423,9559.308145240431,Foreclosure/eviction,150920.90863862506
West Virginia,2016,37012.610693400165,1.4096175717941428,1733.8177691309986,10712.4733276884,Other job-related reason,155371.50316205533
West Virginia,2017,37309.524901185774,1.376478892175316,1495.9829139484311,9832.993108728944,To establish own household,156358.2506431459
West Virginia,2018,37846.10905968227,1.3843310889929743,1739.8576666666668,9978.377147766323,"Wanted to own home, not rent",152569.4998043053
West Virginia,2019,39111.80900750626,1.4042991329479768,2618.5971316818773,11240.478823941197,To establish own household,184562.10522331568
West Virginia,2020,43068.80917998969,1.4402352297592997,2919.2894736842104,12500.127391304348,Other family reason,185833.358002675
West Virginia,2021,45040.83282828283,1.4311348627042058,2868.884539343614,6591.983955354029,Health reasons,196134.03575989782
Wisconsin,2012,37339.57182103611,1.4411323328785812,1801.8095238095239,8911.96322999279,Foreclosure/eviction,196156.16006156214
Wisconsin,2013,39657.12389038981,1.4626034160661863,1962.9468246733516,9688.415897799858,Foreclosure/eviction,211070.8425858291
Wisconsin,2014,39701.02736318408,1.4640817223198594,2018.1184834123223,10823.732265446224,Foreclosure/eviction,207018.02171290712
Wisconsin,2015,42772.1682983683,1.4748776508972268,2114.1182481751825,12945.774475524475,Other family reason,210658.32232496698
Wisconsin,2016,40389.35287152161,1.4644218551461246,2121.627747252747,10697.902777777777,"Wanted to own home, not rent",197718.78130726938
Wisconsin,2017,43387.69623188406,1.4717391304347827,2138.1980769230768,11869.213987473904,"Wanted to own home, not rent",205831.0938433951
Wisconsin,2018,46436.45012315271,1.48458605664488,1983.7466797835712,12541.751648351648,"Wanted to own home, not rent",226882.02179176756
Wisconsin,2019,45509.236585365856,1.4937772925764192,3762.851889168766,13982.923855421686,"['Wanted better neighborhood/less crime' 'Wanted to own home, not rent']",227455.47410115783
Wisconsin,2020,51556.41505911636,1.5106937056737588,3755.9678256357033,18196.86123241145,Wanted new or better house/apartment,241158.51935297516
Wisconsin,2021,52685.40774193549,1.5165732959850606,3580.9040953862104,11945.515843429637,To establish own household,258757.76550030694
Wyoming,2012,38333.37840909091,1.4765119817421073,2171.445114076625,5747.674876847291,Foreclosure/eviction,209118.36164529916
Wyoming,2013,40735.93823529412,1.4840196078431374,2091.831505046073,6540.326018808777,Other family reason,187650.5374402549
Wyoming,2014,43775.436046511626,1.4666221628838452,2254.4487951807228,9919.896193771627,"Wanted to own home, not rent",188205.77064220182
Wyoming,2015,43624.824228028505,1.4908833063209077,2157.4885948905107,9320.388888888889,Foreclosure/eviction,203735.95342312008
Wyoming,2016,44722.55562200957,1.4876618122977345,2211.4014631915866,10644.726595744682,To establish own household,231835.0227920228
Wyoming,2017,42022.12520868114,1.46875,2230.2842465753424,7885.610010427528,"Wanted to own home, not rent",222031.31717597472
Wyoming,2018,43640.52200488998,1.4561045324622295,2875.3784165881243,7917.579741379311,"Wanted to own home, not rent",232737.54384932312
Wyoming,2019,47039.271945979126,1.4887880684188568,3477.75226039783,8415.33459357278,"Wanted to own home, not rent",298667.9399666481
Wyoming,2020,49456.01329787234,1.5020170585523283,3518.315296566077,9336.361778231987,['New job or job transfer' 'Other family reason'],281924.53837001784
Wyoming,2021,47409.08490566038,1.4942091717360786,3809.54579539368,2526.4222118088096,Wanted new or better house/apartment,316281.7799879445
